<?xml version="1.0" encoding="UTF-8" standalone="yes" ?>
<!-- Please see http://phpdevshell.org for documentation on plugin config xml files. -->
<!-- This plugin does not contain all the values needed for a normal plugin. -->
<config type="plugin">

	<!-- Use a proper plugin name without using special characters. -->
	<name>NewPlugin</name>

	<!-- Human readable version number of your plugin. -->
	<version>1.0.0</version>

	<!-- a Short description of your plugin. -->
	<description>a Simple empty plugin to serve as a template.</description>

	<!-- If the plugin/script is modification by you, place the original authors names here. -->
	<founder>Your Name</founder>

	<!-- Name of the developer for this plugin. -->
	<author>Developers Name</author>

	<!-- Email address of the developer for this plugin. -->
	<email>youremail@phpdevshell.org</email>

	<!-- Plugin developers web address. -->
	<homepage>http://www.phpdevshell.org</homepage>

	<!-- Date the plugin was developed, modified. -->
	<date>26 March 2013</date>

	<!-- Copyright notice you would like to amend to your plugin. -->
	<copyright>Your plugins Copyright 2009 Notice All rights reserved.</copyright>

	<!-- License this plugin is released under. -->
	<license>http://www.gnu.org/licenses/old-licenses/lgpl-2.1.html GNU/LGPL</license>

	<!-- Detailed information and help for this plugin. -->
	<info>
		<![CDATA[
			<p>
				Provide more detail about your plugin.
			</p>
		]]>
	</info>

	<!-- Version here represents the database version that should be install. -->
	<!-- If your database version needs no update, this number can stay the same. -->
	<!-- Upgrades further down will only be executed up to this number. -->
	<install version="1000">
		<!--
		[contains][All query, menu, settings installation tags.]
	    [param][version][int][mandatory][The latest database version in numbers only.]
	    [note][This is how the plugin manager will know to what version upgrade scripts should be executed.]
	    [note][Always keep install maintained to the latest menu, query and setting versions.]
		-->
		<queries>
		</queries>
		<menus>
		</menus>
		<dependencies>
		</dependencies>
		<classes>
		</classes>
	</install>
	<uninstall>
		<queries>
		</queries>
	</uninstall>
</config>
